id,score
0,0.6825595039314475
1,0.20276071653269814
2,0.8103983700253345
