id,score
0,0.6691719170220839
1,0.20359673029970496
2,0.8112756545757988
