{
  "pr_auc": 0.758834469049057,
  "best_f1": 0.7290969899665553,
  "best_threshold": 0.24713321480092004,
  "valid_accuracy": 0.6411483253588517,
  "valid_precision_1": 0.6507936507936508,
  "valid_recall_1": 0.7256637168141593,
  "valid_f1_1": 0.6861924686192469
}